--- MODULE_NAME---,---NETNAME---,ID, Etch/Pin_Length (mm), Extracted_Delay (ps), Table_Based_Loss (dB)
SYSTEM XNETNAME:,N0CP0_0_N0PE2_CK0_DAT_00_N,S,454.818039,2952.005938,10.015679
SYSTEM XNETNAME:,N0CP0_0_N0PE2_CK0_DAT_00_P,S,454.685635,2962.003880,10.013653
SYSTEM XNETNAME:,N0CP0_0_N0PE2_CK0_DAT_01_N,S,442.382513,2821.543169,9.710609
SYSTEM XNETNAME:,N0CP0_0_N0PE2_CK0_DAT_01_P,S,442.425166,2828.763729,9.717099
SYSTEM XNETNAME:,N0CP0_0_N0PE2_CK0_DAT_02_N,S,437.607023,2702.337307,9.685697
SYSTEM XNETNAME:,N0CP0_0_N0PE2_CK0_DAT_02_P,S,437.127818,2709.650745,9.672937
SYSTEM XNETNAME:,N0CP0_0_N0PE2_CK0_DAT_03_N,S,435.461461,2658.495646,9.523627
SYSTEM XNETNAME:,N0CP0_0_N0PE2_CK0_DAT_03_P,S,435.614633,2665.605537,9.531348
SYSTEM XNETNAME:,N0CP0_0_N0PE2_CK0_DAT_04_N,S,462.077688,2965.960621,10.051400
SYSTEM XNETNAME:,N0CP0_0_N0PE2_CK0_DAT_04_P,S,461.452937,2973.313667,10.030133
SYSTEM XNETNAME:,N0CP0_0_N0PE2_CK0_DAT_05_N,S,449.063177,2866.971861,9.658554
SYSTEM XNETNAME:,N0CP0_0_N0PE2_CK0_DAT_05_P,S,448.449346,2875.161615,9.641448
SYSTEM XNETNAME:,N0CP0_0_N0PE2_CK0_DAT_06_N,S,425.509394,2644.404068,9.298560
SYSTEM XNETNAME:,N0CP0_0_N0PE2_CK0_DAT_06_P,S,425.175743,2654.108150,9.289647
SYSTEM XNETNAME:,N0CP0_0_N0PE2_CK0_DAT_07_N,S,429.363146,2591.733360,9.426371
SYSTEM XNETNAME:,N0CP0_0_N0PE2_CK0_DAT_07_P,S,429.381011,2602.354423,9.429036
SYSTEM XNETNAME:,N0CP0_0_N0PE2_CK1_DAT_00_N,S,468.466602,2931.752348,10.746955
SYSTEM XNETNAME:,N0CP0_0_N0PE2_CK1_DAT_00_P,S,468.331486,2942.119488,10.743719
SYSTEM XNETNAME:,N0CP0_0_N0PE2_CK1_DAT_01_N,S,471.138933,2914.393744,10.701856
SYSTEM XNETNAME:,N0CP0_0_N0PE2_CK1_DAT_01_P,S,471.111070,2921.138697,10.706038
SYSTEM XNETNAME:,N0CP0_0_N0PE2_CK1_DAT_02_N,S,478.724700,2882.060858,10.982984
SYSTEM XNETNAME:,N0CP0_0_N0PE2_CK1_DAT_02_P,S,478.208094,2889.529553,10.968643
SYSTEM XNETNAME:,N0CP0_0_N0PE2_CK1_DAT_03_N,S,468.158784,2795.165379,10.696553
SYSTEM XNETNAME:,N0CP0_0_N0PE2_CK1_DAT_03_P,S,468.580167,2802.630708,10.713306
SYSTEM XNETNAME:,N0CP0_0_N0PE2_CK1_DAT_04_N,S,467.965597,2952.667844,10.696741
SYSTEM XNETNAME:,N0CP0_0_N0PE2_CK1_DAT_04_P,S,467.545932,2959.282447,10.685767
SYSTEM XNETNAME:,N0CP0_0_N0PE2_CK1_DAT_05_N,S,486.255226,3014.008815,11.084451
SYSTEM XNETNAME:,N0CP0_0_N0PE2_CK1_DAT_05_P,S,485.894480,3023.401162,11.074105
SYSTEM XNETNAME:,N0CP0_0_N0PE2_CK1_DAT_06_N,S,504.354320,3080.467602,11.445511
SYSTEM XNETNAME:,N0CP0_0_N0PE2_CK1_DAT_06_P,S,504.200411,3089.565551,11.446223
SYSTEM XNETNAME:,N0CP0_0_N0PE2_CK1_DAT_07_N,S,478.194885,2864.122542,11.021703
SYSTEM XNETNAME:,N0CP0_0_N0PE2_CK1_DAT_07_P,S,477.869838,2874.099302,11.013154
SYSTEM XNETNAME:,N0CP0_1_N0PE3_CK0_DAT_00_N,S,460.427988,2920.418151,10.354002
SYSTEM XNETNAME:,N0CP0_1_N0PE3_CK0_DAT_00_P,S,460.228237,2930.297108,10.349672
SYSTEM XNETNAME:,N0CP0_1_N0PE3_CK0_DAT_01_N,S,453.764285,2815.066722,10.193856
SYSTEM XNETNAME:,N0CP0_1_N0PE3_CK0_DAT_01_P,S,453.961405,2822.460730,10.205982
SYSTEM XNETNAME:,N0CP0_1_N0PE3_CK0_DAT_02_N,S,449.374611,2688.361894,10.210998
SYSTEM XNETNAME:,N0CP0_1_N0PE3_CK0_DAT_02_P,S,449.048092,2695.722920,10.204247
SYSTEM XNETNAME:,N0CP0_1_N0PE3_CK0_DAT_03_N,S,440.826666,2560.499041,10.086205
SYSTEM XNETNAME:,N0CP0_1_N0PE3_CK0_DAT_03_P,S,441.138632,2567.563466,10.100510
SYSTEM XNETNAME:,N0CP0_1_N0PE3_CK0_DAT_04_N,S,443.562546,2823.434924,9.805024
SYSTEM XNETNAME:,N0CP0_1_N0PE3_CK0_DAT_04_P,S,443.264763,2833.142140,9.788682
SYSTEM XNETNAME:,N0CP0_1_N0PE3_CK0_DAT_05_N,S,450.348617,2801.598712,9.941073
SYSTEM XNETNAME:,N0CP0_1_N0PE3_CK0_DAT_05_P,S,450.116998,2810.478331,9.936994
SYSTEM XNETNAME:,N0CP0_1_N0PE3_CK0_DAT_06_N,S,434.776791,2587.514710,9.874050
SYSTEM XNETNAME:,N0CP0_1_N0PE3_CK0_DAT_06_P,S,434.568123,2597.286870,9.869953
SYSTEM XNETNAME:,N0CP0_1_N0PE3_CK0_DAT_07_N,S,426.621458,2482.587998,9.700338
SYSTEM XNETNAME:,N0CP0_1_N0PE3_CK0_DAT_07_P,S,426.668877,2493.208324,9.704201
SYSTEM XNETNAME:,N0CP0_1_N0PE3_CK1_DAT_00_N,S,516.605713,3248.175843,11.578481
SYSTEM XNETNAME:,N0CP0_1_N0PE3_CK1_DAT_00_P,S,516.697910,3258.640994,11.584095
SYSTEM XNETNAME:,N0CP0_1_N0PE3_CK1_DAT_01_N,S,489.243324,3041.858328,10.984736
SYSTEM XNETNAME:,N0CP0_1_N0PE3_CK1_DAT_01_P,S,489.639948,3049.843326,11.001715
SYSTEM XNETNAME:,N0CP0_1_N0PE3_CK1_DAT_02_N,S,477.052471,2922.142605,10.774005
SYSTEM XNETNAME:,N0CP0_1_N0PE3_CK1_DAT_02_P,S,476.847240,2932.051526,10.763655
SYSTEM XNETNAME:,N0CP0_1_N0PE3_CK1_DAT_03_N,S,479.438163,2877.836493,10.856404
SYSTEM XNETNAME:,N0CP0_1_N0PE3_CK1_DAT_03_P,S,479.907093,2886.865437,10.869565
SYSTEM XNETNAME:,N0CP0_1_N0PE3_CK1_DAT_04_N,S,474.508701,3008.916710,10.763079
SYSTEM XNETNAME:,N0CP0_1_N0PE3_CK1_DAT_04_P,S,473.813438,3015.355546,10.741576
SYSTEM XNETNAME:,N0CP0_1_N0PE3_CK1_DAT_05_N,S,473.973659,2957.193335,10.787997
SYSTEM XNETNAME:,N0CP0_1_N0PE3_CK1_DAT_05_P,S,473.492943,2966.958799,10.771483
SYSTEM XNETNAME:,N0CP0_1_N0PE3_CK1_DAT_06_N,S,476.772802,2938.713092,10.829655
SYSTEM XNETNAME:,N0CP0_1_N0PE3_CK1_DAT_06_P,S,475.965173,2947.599125,10.804670
SYSTEM XNETNAME:,N0CP0_1_N0PE3_CK1_DAT_07_N,S,482.911609,2935.606467,10.960437
SYSTEM XNETNAME:,N0CP0_1_N0PE3_CK1_DAT_07_P,S,482.860409,2946.651089,10.959200
SYSTEM XNETNAME:,N0CP1_0_N0PE4_CK0_DAT_00_N,S,457.196785,2968.837945,10.052550
SYSTEM XNETNAME:,N0CP1_0_N0PE4_CK0_DAT_00_P,S,457.044004,2978.691699,10.050208
SYSTEM XNETNAME:,N0CP1_0_N0PE4_CK0_DAT_01_N,S,455.626726,2915.259217,9.915894
SYSTEM XNETNAME:,N0CP1_0_N0PE4_CK0_DAT_01_P,S,455.691415,2922.635705,9.922725
SYSTEM XNETNAME:,N0CP1_0_N0PE4_CK0_DAT_02_N,S,451.619669,2801.490790,9.902893
SYSTEM XNETNAME:,N0CP1_0_N0PE4_CK0_DAT_02_P,S,451.140547,2808.804814,9.890134
SYSTEM XNETNAME:,N0CP1_0_N0PE4_CK0_DAT_03_N,S,439.175233,2684.774301,9.581191
SYSTEM XNETNAME:,N0CP1_0_N0PE4_CK0_DAT_03_P,S,439.328355,2691.883835,9.588911
SYSTEM XNETNAME:,N0CP1_0_N0PE4_CK0_DAT_04_N,S,461.999785,2965.409376,10.050193
SYSTEM XNETNAME:,N0CP1_0_N0PE4_CK0_DAT_04_P,S,461.388567,2972.858183,10.029135
SYSTEM XNETNAME:,N0CP1_0_N0PE4_CK0_DAT_05_N,S,461.790665,2957.031566,9.855830
SYSTEM XNETNAME:,N0CP1_0_N0PE4_CK0_DAT_05_P,S,461.176821,2965.221230,9.838724
SYSTEM XNETNAME:,N0CP1_0_N0PE4_CK0_DAT_06_N,S,439.936983,2746.493691,9.522188
SYSTEM XNETNAME:,N0CP1_0_N0PE4_CK0_DAT_06_P,S,439.603295,2756.197510,9.513274
SYSTEM XNETNAME:,N0CP1_0_N0PE4_CK0_DAT_07_N,S,431.770196,2608.765641,9.463680
SYSTEM XNETNAME:,N0CP1_0_N0PE4_CK0_DAT_07_P,S,431.775468,2619.297603,9.466150
SYSTEM XNETNAME:,N0CP1_0_N0PE4_CK1_DAT_00_N,S,483.310866,3036.790357,10.977041
SYSTEM XNETNAME:,N0CP1_0_N0PE4_CK1_DAT_00_P,S,483.175833,3047.158084,10.973807
SYSTEM XNETNAME:,N0CP1_0_N0PE4_CK1_DAT_01_N,S,473.828196,2933.422969,10.743540
SYSTEM XNETNAME:,N0CP1_0_N0PE4_CK1_DAT_01_P,S,474.048912,2941.926863,10.751575
SYSTEM XNETNAME:,N0CP1_0_N0PE4_CK1_DAT_02_N,S,483.279744,2914.292349,11.053587
SYSTEM XNETNAME:,N0CP1_0_N0PE4_CK1_DAT_02_P,S,483.008402,2923.496538,11.043048
SYSTEM XNETNAME:,N0CP1_0_N0PE4_CK1_DAT_03_N,S,483.844428,2906.156993,10.939680
SYSTEM XNETNAME:,N0CP1_0_N0PE4_CK1_DAT_03_P,S,484.154337,2912.833533,10.954706
SYSTEM XNETNAME:,N0CP1_0_N0PE4_CK1_DAT_04_N,S,471.440864,2977.258838,10.750607
SYSTEM XNETNAME:,N0CP1_0_N0PE4_CK1_DAT_04_P,S,471.021200,2983.873441,10.739634
SYSTEM XNETNAME:,N0CP1_0_N0PE4_CK1_DAT_05_N,S,502.739665,3130.652708,11.339960
SYSTEM XNETNAME:,N0CP1_0_N0PE4_CK1_DAT_05_P,S,502.271223,3139.282992,11.327945
SYSTEM XNETNAME:,N0CP1_0_N0PE4_CK1_DAT_06_N,S,508.341532,3108.681113,11.507313
SYSTEM XNETNAME:,N0CP1_0_N0PE4_CK1_DAT_06_P,S,508.171816,3117.667215,11.507779
SYSTEM XNETNAME:,N0CP1_0_N0PE4_CK1_DAT_07_N,S,494.212515,2977.463294,11.269976
SYSTEM XNETNAME:,N0CP1_0_N0PE4_CK1_DAT_07_P,S,493.798436,2986.810065,11.260047
SYSTEM XNETNAME:,N0CP1_1_N0PE5_CK0_DAT_00_N,S,474.971325,3023.326798,10.579424
SYSTEM XNETNAME:,N0CP1_1_N0PE5_CK0_DAT_00_P,S,474.797800,3033.391336,10.575500
SYSTEM XNETNAME:,N0CP1_1_N0PE5_CK0_DAT_01_N,S,476.216279,2973.937034,10.541862
SYSTEM XNETNAME:,N0CP1_1_N0PE5_CK0_DAT_01_P,S,476.426052,2981.420575,10.554184
SYSTEM XNETNAME:,N0CP1_1_N0PE5_CK0_DAT_02_N,S,471.932779,2847.983490,10.560649
SYSTEM XNETNAME:,N0CP1_1_N0PE5_CK0_DAT_02_P,S,471.606425,2855.345689,10.553901
SYSTEM XNETNAME:,N0CP1_1_N0PE5_CK0_DAT_03_N,S,450.728433,2630.563944,10.239683
SYSTEM XNETNAME:,N0CP1_1_N0PE5_CK0_DAT_03_P,S,451.025100,2637.520114,10.253750
SYSTEM XNETNAME:,N0CP1_1_N0PE5_CK0_DAT_04_N,S,452.484243,2886.564847,9.943311
SYSTEM XNETNAME:,N0CP1_1_N0PE5_CK0_DAT_04_P,S,452.186542,2896.272650,9.926970
SYSTEM XNETNAME:,N0CP1_1_N0PE5_CK0_DAT_05_N,S,471.775063,2953.212244,10.273183
SYSTEM XNETNAME:,N0CP1_1_N0PE5_CK0_DAT_05_P,S,471.543919,2962.095225,10.269112
SYSTEM XNETNAME:,N0CP1_1_N0PE5_CK0_DAT_06_N,S,458.337955,2754.233509,10.239248
SYSTEM XNETNAME:,N0CP1_1_N0PE5_CK0_DAT_06_P,S,458.145257,2764.118674,10.235398
SYSTEM XNETNAME:,N0CP1_1_N0PE5_CK0_DAT_07_N,S,438.671967,2567.857401,9.887121
SYSTEM XNETNAME:,N0CP1_1_N0PE5_CK0_DAT_07_P,S,438.731922,2578.566430,9.891179
SYSTEM XNETNAME:,N0CP1_1_N0PE5_CK1_DAT_00_N,S,531.411104,3352.938792,11.807965
SYSTEM XNETNAME:,N0CP1_1_N0PE5_CK1_DAT_00_P,S,531.486277,3363.283482,11.813314
SYSTEM XNETNAME:,N0CP1_1_N0PE5_CK1_DAT_01_N,S,503.270818,3141.116873,11.202162
SYSTEM XNETNAME:,N0CP1_1_N0PE5_CK1_DAT_01_P,S,503.654706,3149.011753,11.218944
SYSTEM XNETNAME:,N0CP1_1_N0PE5_CK1_DAT_02_N,S,488.191434,3000.961909,10.946659
SYSTEM XNETNAME:,N0CP1_1_N0PE5_CK1_DAT_02_P,S,488.020892,3011.116291,10.936847
SYSTEM XNETNAME:,N0CP1_1_N0PE5_CK1_DAT_03_N,S,500.763239,3028.732729,11.186942
SYSTEM XNETNAME:,N0CP1_1_N0PE5_CK1_DAT_03_P,S,501.041427,3036.411980,11.197147
SYSTEM XNETNAME:,N0CP1_1_N0PE5_CK1_DAT_04_N,S,485.463982,3086.436274,10.932886
SYSTEM XNETNAME:,N0CP1_1_N0PE5_CK1_DAT_04_P,S,484.814572,3093.199571,10.912094
SYSTEM XNETNAME:,N0CP1_1_N0PE5_CK1_DAT_05_N,S,494.422590,3101.889967,11.104955
SYSTEM XNETNAME:,N0CP1_1_N0PE5_CK1_DAT_05_P,S,494.067061,3112.541262,11.090382
SYSTEM XNETNAME:,N0CP1_1_N0PE5_CK1_DAT_06_N,S,490.764461,3037.718067,11.046526
SYSTEM XNETNAME:,N0CP1_1_N0PE5_CK1_DAT_06_P,S,489.956808,3046.603934,11.021540
SYSTEM XNETNAME:,N0CP1_1_N0PE5_CK1_DAT_07_N,S,504.428357,3087.858971,11.293946
SYSTEM XNETNAME:,N0CP1_1_N0PE5_CK1_DAT_07_P,S,504.399192,3099.059520,11.293051
SYSTEM XNETNAME:,N0CP2_0_N0PE6_CK0_DAT_00_N,S,478.182437,3117.332414,10.377827
SYSTEM XNETNAME:,N0CP2_0_N0PE6_CK0_DAT_00_P,S,478.030815,3127.194375,10.375504
SYSTEM XNETNAME:,N0CP2_0_N0PE6_CK0_DAT_01_N,S,466.663620,2993.356281,10.086966
SYSTEM XNETNAME:,N0CP2_0_N0PE6_CK0_DAT_01_P,S,466.976909,3002.491859,10.097651
SYSTEM XNETNAME:,N0CP2_0_N0PE6_CK0_DAT_02_N,S,467.868445,2916.467132,10.154749
SYSTEM XNETNAME:,N0CP2_0_N0PE6_CK0_DAT_02_P,S,467.637707,2925.538717,10.145840
SYSTEM XNETNAME:,N0CP2_0_N0PE6_CK0_DAT_03_N,S,459.758208,2830.419433,9.900227
SYSTEM XNETNAME:,N0CP2_0_N0PE6_CK0_DAT_03_P,S,459.914478,2837.551242,9.907996
SYSTEM XNETNAME:,N0CP2_0_N0PE6_CK0_DAT_04_N,S,483.428237,3117.037103,10.382334
SYSTEM XNETNAME:,N0CP2_0_N0PE6_CK0_DAT_04_P,S,482.797129,3124.345169,10.360968
SYSTEM XNETNAME:,N0CP2_0_N0PE6_CK0_DAT_05_N,S,473.054373,3036.733570,10.030418
SYSTEM XNETNAME:,N0CP2_0_N0PE6_CK0_DAT_05_P,S,472.440356,3044.922003,10.013308
SYSTEM XNETNAME:,N0CP2_0_N0PE6_CK0_DAT_06_N,S,454.953861,2852.753116,9.754949
SYSTEM XNETNAME:,N0CP2_0_N0PE6_CK0_DAT_06_P,S,454.621646,2862.467363,9.746059
SYSTEM XNETNAME:,N0CP2_0_N0PE6_CK0_DAT_07_N,S,452.736332,2757.122020,9.788655
SYSTEM XNETNAME:,N0CP2_0_N0PE6_CK0_DAT_07_P,S,452.766789,2767.832185,9.791516
SYSTEM XNETNAME:,N0CP2_0_N0PE6_CK1_DAT_00_N,S,498.482835,3144.147211,11.212207
SYSTEM XNETNAME:,N0CP2_0_N0PE6_CK1_DAT_00_P,S,498.347802,3154.514938,11.208972
SYSTEM XNETNAME:,N0CP2_0_N0PE6_CK1_DAT_01_N,S,495.814519,3088.998194,11.084328
SYSTEM XNETNAME:,N0CP2_0_N0PE6_CK1_DAT_01_P,S,495.786657,3095.743147,11.088510
SYSTEM XNETNAME:,N0CP2_0_N0PE6_CK1_DAT_02_N,S,504.357422,3063.437993,11.380291
SYSTEM XNETNAME:,N0CP2_0_N0PE6_CK1_DAT_02_P,S,504.030276,3072.247316,11.368887
SYSTEM XNETNAME:,N0CP2_0_N0PE6_CK1_DAT_03_N,S,498.613473,3010.662760,11.168600
SYSTEM XNETNAME:,N0CP2_0_N0PE6_CK1_DAT_03_P,S,498.923270,3017.338507,11.183624
SYSTEM XNETNAME:,N0CP2_0_N0PE6_CK1_DAT_04_N,S,493.808896,3135.535026,11.097312
SYSTEM XNETNAME:,N0CP2_0_N0PE6_CK1_DAT_04_P,S,493.409641,3142.294048,11.086654
SYSTEM XNETNAME:,N0CP2_0_N0PE6_CK1_DAT_05_N,S,519.362879,3248.278565,11.597620
SYSTEM XNETNAME:,N0CP2_0_N0PE6_CK1_DAT_05_P,S,518.960744,3257.378043,11.586633
SYSTEM XNETNAME:,N0CP2_0_N0PE6_CK1_DAT_06_N,S,528.675717,3252.565809,11.822493
SYSTEM XNETNAME:,N0CP2_0_N0PE6_CK1_DAT_06_P,S,528.521909,3261.664471,11.823206
SYSTEM XNETNAME:,N0CP2_0_N0PE6_CK1_DAT_07_N,S,510.773054,3094.645667,11.526665
SYSTEM XNETNAME:,N0CP2_0_N0PE6_CK1_DAT_07_P,S,510.358866,3103.991668,11.516734
SYSTEM XNETNAME:,N0CP2_1_N0PE7_CK0_DAT_00_N,S,503.152194,3222.734629,11.016227
SYSTEM XNETNAME:,N0CP2_1_N0PE7_CK0_DAT_00_P,S,502.940005,3232.525575,11.011704
SYSTEM XNETNAME:,N0CP2_1_N0PE7_CK0_DAT_01_N,S,487.743388,3055.502859,10.720532
SYSTEM XNETNAME:,N0CP2_1_N0PE7_CK0_DAT_01_P,S,488.189140,3064.656187,10.736512
SYSTEM XNETNAME:,N0CP2_1_N0PE7_CK0_DAT_02_N,S,483.314255,2928.518818,10.737062
SYSTEM XNETNAME:,N0CP2_1_N0PE7_CK0_DAT_02_P,S,483.249072,2937.729059,10.734362
SYSTEM XNETNAME:,N0CP2_1_N0PE7_CK0_DAT_03_N,S,484.584341,2870.128349,10.764449
SYSTEM XNETNAME:,N0CP2_1_N0PE7_CK0_DAT_03_P,S,484.893485,2877.172808,10.778710
SYSTEM XNETNAME:,N0CP2_1_N0PE7_CK0_DAT_04_N,S,476.838242,3058.893746,10.320798
SYSTEM XNETNAME:,N0CP2_1_N0PE7_CK0_DAT_04_P,S,476.553077,3068.690252,10.304651
SYSTEM XNETNAME:,N0CP2_1_N0PE7_CK0_DAT_05_N,S,473.700285,2966.835116,10.303024
SYSTEM XNETNAME:,N0CP2_1_N0PE7_CK0_DAT_05_P,S,473.608393,2976.703446,10.301111
SYSTEM XNETNAME:,N0CP2_1_N0PE7_CK0_DAT_06_N,S,467.933036,2822.128304,10.387972
SYSTEM XNETNAME:,N0CP2_1_N0PE7_CK0_DAT_06_P,S,467.732212,2831.955968,10.383996
SYSTEM XNETNAME:,N0CP2_1_N0PE7_CK0_DAT_07_N,S,467.780530,2773.829594,10.338304
SYSTEM XNETNAME:,N0CP2_1_N0PE7_CK0_DAT_07_P,S,467.827949,2784.449919,10.342167
SYSTEM XNETNAME:,N0CP2_1_N0PE7_CK1_DAT_00_N,S,533.239863,3365.879091,11.836310
SYSTEM XNETNAME:,N0CP2_1_N0PE7_CK1_DAT_00_P,S,533.282655,3375.994653,11.841158
SYSTEM XNETNAME:,N0CP2_1_N0PE7_CK1_DAT_01_N,S,523.737601,3285.939834,11.519397
SYSTEM XNETNAME:,N0CP2_1_N0PE7_CK1_DAT_01_P,S,523.895002,3292.232085,11.532669
SYSTEM XNETNAME:,N0CP2_1_N0PE7_CK1_DAT_02_N,S,516.949263,3204.452304,11.392405
SYSTEM XNETNAME:,N0CP2_1_N0PE7_CK1_DAT_02_P,S,516.772364,3214.561704,11.382494
SYSTEM XNETNAME:,N0CP2_1_N0PE7_CK1_DAT_03_N,S,508.519830,3083.618367,11.307169
SYSTEM XNETNAME:,N0CP2_1_N0PE7_CK1_DAT_03_P,S,508.994871,3092.690552,11.320426
SYSTEM XNETNAME:,N0CP2_1_N0PE7_CK1_DAT_04_N,S,514.619072,3292.737693,11.384790
SYSTEM XNETNAME:,N0CP2_1_N0PE7_CK1_DAT_04_P,S,513.979189,3299.568402,11.364146
SYSTEM XNETNAME:,N0CP2_1_N0PE7_CK1_DAT_05_N,S,499.956440,3141.047490,11.190730
SYSTEM XNETNAME:,N0CP2_1_N0PE7_CK1_DAT_05_P,S,499.475598,3150.812071,11.174214
SYSTEM XNETNAME:,N0CP2_1_N0PE7_CK1_DAT_06_N,S,514.717708,3207.211244,11.417801
SYSTEM XNETNAME:,N0CP2_1_N0PE7_CK1_DAT_06_P,S,514.127035,3217.632464,11.396179
SYSTEM XNETNAME:,N0CP2_1_N0PE7_CK1_DAT_07_N,S,511.071440,3134.865425,11.396914
SYSTEM XNETNAME:,N0CP2_1_N0PE7_CK1_DAT_07_P,S,511.042716,3146.069093,11.396026
SYSTEM XNETNAME:,N0PE2_N0CP0_0_CK0_DAT_00_N,S,468.147135,3035.253386,10.404240
SYSTEM XNETNAME:,N0PE2_N0CP0_0_CK0_DAT_00_P,S,467.763456,3044.389105,10.387326
SYSTEM XNETNAME:,N0PE2_N0CP0_0_CK0_DAT_01_N,S,453.424790,2851.012026,10.196356
SYSTEM XNETNAME:,N0PE2_N0CP0_0_CK0_DAT_01_P,S,453.229224,2860.211341,10.192596
SYSTEM XNETNAME:,N0PE2_N0CP0_0_CK0_DAT_02_N,S,449.100564,2804.569650,9.946152
SYSTEM XNETNAME:,N0PE2_N0CP0_0_CK0_DAT_02_P,S,448.858146,2815.554286,9.939268
SYSTEM XNETNAME:,N0PE2_N0CP0_0_CK0_DAT_03_N,S,440.878966,2697.242043,9.760259
SYSTEM XNETNAME:,N0PE2_N0CP0_0_CK0_DAT_03_P,S,440.913061,2707.149661,9.766478
SYSTEM XNETNAME:,N0PE2_N0CP0_0_CK0_DAT_04_N,S,452.734876,2875.449927,9.979174
SYSTEM XNETNAME:,N0PE2_N0CP0_0_CK0_DAT_04_P,S,452.639566,2885.948841,9.977553
SYSTEM XNETNAME:,N0PE2_N0CP0_0_CK0_DAT_05_N,S,431.424852,2684.524427,9.597823
SYSTEM XNETNAME:,N0PE2_N0CP0_0_CK0_DAT_05_P,S,431.394555,2691.361453,9.602001
SYSTEM XNETNAME:,N0PE2_N0CP0_0_CK0_DAT_06_N,S,442.131528,2671.818928,9.907639
SYSTEM XNETNAME:,N0PE2_N0CP0_0_CK0_DAT_06_P,S,441.555949,2680.250377,9.887089
SYSTEM XNETNAME:,N0PE2_N0CP0_0_CK0_DAT_07_N,S,437.717016,2638.074233,9.653907
SYSTEM XNETNAME:,N0PE2_N0CP0_0_CK0_DAT_07_P,S,437.821492,2645.132279,9.660627
SYSTEM XNETNAME:,N0PE2_N0CP0_0_CK1_DAT_00_N,S,490.316522,3096.558384,11.344911
SYSTEM XNETNAME:,N0PE2_N0CP0_0_CK1_DAT_00_P,S,490.531412,3106.812113,11.347600
SYSTEM XNETNAME:,N0PE2_N0CP0_0_CK1_DAT_01_N,S,481.964657,3044.761794,10.947706
SYSTEM XNETNAME:,N0PE2_N0CP0_0_CK1_DAT_01_P,S,482.072180,3056.348621,10.950269
SYSTEM XNETNAME:,N0PE2_N0CP0_0_CK1_DAT_02_N,S,478.508712,2890.112909,11.220303
SYSTEM XNETNAME:,N0PE2_N0CP0_0_CK1_DAT_02_P,S,477.937444,2900.438768,11.200190
SYSTEM XNETNAME:,N0PE2_N0CP0_0_CK1_DAT_03_N,S,477.850984,2862.152039,11.130749
SYSTEM XNETNAME:,N0PE2_N0CP0_0_CK1_DAT_03_P,S,477.945168,2874.004673,11.133115
SYSTEM XNETNAME:,N0PE2_N0CP0_0_CK1_DAT_04_N,S,478.928311,3016.410409,11.027996
SYSTEM XNETNAME:,N0PE2_N0CP0_0_CK1_DAT_04_P,S,478.472419,3025.496759,11.016186
SYSTEM XNETNAME:,N0PE2_N0CP0_0_CK1_DAT_05_N,S,475.550754,2968.411384,10.939631
SYSTEM XNETNAME:,N0PE2_N0CP0_0_CK1_DAT_05_P,S,475.729636,2975.508296,10.950790
SYSTEM XNETNAME:,N0PE2_N0CP0_0_CK1_DAT_06_N,S,480.641129,2929.202018,11.143724
SYSTEM XNETNAME:,N0PE2_N0CP0_0_CK1_DAT_06_P,S,480.607814,2937.847311,11.145923
SYSTEM XNETNAME:,N0PE2_N0CP0_0_CK1_DAT_07_N,S,486.811469,2898.787023,11.400273
SYSTEM XNETNAME:,N0PE2_N0CP0_0_CK1_DAT_07_P,S,487.296763,2906.466464,11.419891
SYSTEM XNETNAME:,N0PE3_N0CP0_1_CK0_DAT_00_N,S,458.878347,2935.464543,10.381169
SYSTEM XNETNAME:,N0PE3_N0CP0_1_CK0_DAT_00_P,S,458.388773,2943.097770,10.365269
SYSTEM XNETNAME:,N0PE3_N0CP0_1_CK0_DAT_01_N,S,457.759612,2913.619698,10.150914
SYSTEM XNETNAME:,N0PE3_N0CP0_1_CK0_DAT_01_P,S,457.692462,2923.850074,10.148713
SYSTEM XNETNAME:,N0PE3_N0CP0_1_CK0_DAT_02_N,S,457.385598,2833.223296,10.180243
SYSTEM XNETNAME:,N0PE3_N0CP0_1_CK0_DAT_02_P,S,456.890353,2844.605313,10.161731
SYSTEM XNETNAME:,N0PE3_N0CP0_1_CK0_DAT_03_N,S,438.901259,2625.050968,9.934830
SYSTEM XNETNAME:,N0PE3_N0CP0_1_CK0_DAT_03_P,S,438.650394,2635.991570,9.925880
SYSTEM XNETNAME:,N0PE3_N0CP0_1_CK0_DAT_04_N,S,479.568386,3086.095895,10.321820
SYSTEM XNETNAME:,N0PE3_N0CP0_1_CK0_DAT_04_P,S,479.234438,3097.142214,10.308616
SYSTEM XNETNAME:,N0PE3_N0CP0_1_CK0_DAT_05_N,S,445.732009,2779.779041,9.840658
SYSTEM XNETNAME:,N0PE3_N0CP0_1_CK0_DAT_05_P,S,446.287469,2789.655348,9.857813
SYSTEM XNETNAME:,N0PE3_N0CP0_1_CK0_DAT_06_N,S,436.748565,2636.563362,9.814208
SYSTEM XNETNAME:,N0PE3_N0CP0_1_CK0_DAT_06_P,S,436.298472,2644.525896,9.800389
SYSTEM XNETNAME:,N0PE3_N0CP0_1_CK0_DAT_07_N,S,435.291540,2589.565944,9.726845
SYSTEM XNETNAME:,N0PE3_N0CP0_1_CK0_DAT_07_P,S,435.323568,2597.190637,9.728636
SYSTEM XNETNAME:,N0PE3_N0CP0_1_CK1_DAT_00_N,S,507.425155,3310.683636,11.281920
SYSTEM XNETNAME:,N0PE3_N0CP0_1_CK1_DAT_00_P,S,506.961399,3318.709717,11.265012
SYSTEM XNETNAME:,N0PE3_N0CP0_1_CK1_DAT_01_N,S,509.455927,3205.680954,11.492320
SYSTEM XNETNAME:,N0PE3_N0CP0_1_CK1_DAT_01_P,S,509.439406,3216.287444,11.493323
SYSTEM XNETNAME:,N0PE3_N0CP0_1_CK1_DAT_02_N,S,481.362289,3051.017911,10.768347
SYSTEM XNETNAME:,N0PE3_N0CP0_1_CK1_DAT_02_P,S,480.930948,3061.630182,10.752884
SYSTEM XNETNAME:,N0PE3_N0CP0_1_CK1_DAT_03_N,S,492.378167,3034.426344,11.110905
SYSTEM XNETNAME:,N0PE3_N0CP0_1_CK1_DAT_03_P,S,492.531852,3044.361841,11.122438
SYSTEM XNETNAME:,N0PE3_N0CP0_1_CK1_DAT_04_N,S,480.301523,3144.687287,10.631206
SYSTEM XNETNAME:,N0PE3_N0CP0_1_CK1_DAT_04_P,S,480.028577,3155.873594,10.619392
SYSTEM XNETNAME:,N0PE3_N0CP0_1_CK1_DAT_05_N,S,491.030788,3162.741216,10.880567
SYSTEM XNETNAME:,N0PE3_N0CP0_1_CK1_DAT_05_P,S,490.708879,3169.591134,10.872339
SYSTEM XNETNAME:,N0PE3_N0CP0_1_CK1_DAT_06_N,S,494.108039,3100.609837,11.084074
SYSTEM XNETNAME:,N0PE3_N0CP0_1_CK1_DAT_06_P,S,494.439299,3112.072108,11.091092
SYSTEM XNETNAME:,N0PE3_N0CP0_1_CK1_DAT_07_N,S,502.966262,3121.516902,11.268364
SYSTEM XNETNAME:,N0PE3_N0CP0_1_CK1_DAT_07_P,S,503.351696,3128.359992,11.286891
SYSTEM XNETNAME:,N0PE4_N0CP1_0_CK0_DAT_00_N,S,486.672364,3166.337903,10.691382
SYSTEM XNETNAME:,N0PE4_N0CP1_0_CK0_DAT_00_P,S,486.500995,3176.975928,10.677758
SYSTEM XNETNAME:,N0PE4_N0CP1_0_CK0_DAT_01_N,S,459.635779,2894.960984,10.292627
SYSTEM XNETNAME:,N0PE4_N0CP1_0_CK0_DAT_01_P,S,459.443966,2904.186854,10.288925
SYSTEM XNETNAME:,N0PE4_N0CP1_0_CK0_DAT_02_N,S,453.670096,2836.903659,10.016979
SYSTEM XNETNAME:,N0PE4_N0CP1_0_CK0_DAT_02_P,S,453.396004,2847.664166,10.009605
SYSTEM XNETNAME:,N0PE4_N0CP1_0_CK0_DAT_03_N,S,456.758186,2809.603402,10.006386
SYSTEM XNETNAME:,N0PE4_N0CP1_0_CK0_DAT_03_P,S,456.770450,2819.356547,10.012268
SYSTEM XNETNAME:,N0PE4_N0CP1_0_CK0_DAT_04_N,S,464.044570,2955.477321,10.154474
SYSTEM XNETNAME:,N0PE4_N0CP1_0_CK0_DAT_04_P,S,463.949177,2965.975649,10.152852
SYSTEM XNETNAME:,N0PE4_N0CP1_0_CK0_DAT_05_N,S,439.598029,2742.357830,9.724507
SYSTEM XNETNAME:,N0PE4_N0CP1_0_CK0_DAT_05_P,S,439.567732,2749.194855,9.728685
SYSTEM XNETNAME:,N0PE4_N0CP1_0_CK0_DAT_06_N,S,458.162516,2785.254202,10.156119
SYSTEM XNETNAME:,N0PE4_N0CP1_0_CK0_DAT_06_P,S,457.573499,2793.590558,10.135361
SYSTEM XNETNAME:,N0PE4_N0CP1_0_CK0_DAT_07_N,S,454.889493,2759.586681,9.920080
SYSTEM XNETNAME:,N0PE4_N0CP1_0_CK0_DAT_07_P,S,454.944236,2766.292818,9.926029
SYSTEM XNETNAME:,N0PE4_N0CP1_0_CK1_DAT_00_N,S,501.707846,3177.163392,11.521476
SYSTEM XNETNAME:,N0PE4_N0CP1_0_CK1_DAT_00_P,S,501.922736,3187.417121,11.524166
SYSTEM XNETNAME:,N0PE4_N0CP1_0_CK1_DAT_01_N,S,499.674540,3170.076925,11.222209
SYSTEM XNETNAME:,N0PE4_N0CP1_0_CK1_DAT_01_P,S,499.782146,3181.664337,11.224774
SYSTEM XNETNAME:,N0PE4_N0CP1_0_CK1_DAT_02_N,S,486.748368,2948.416714,11.348018
SYSTEM XNETNAME:,N0PE4_N0CP1_0_CK1_DAT_02_P,S,486.177265,2958.743746,11.327907
SYSTEM XNETNAME:,N0PE4_N0CP1_0_CK1_DAT_03_N,S,494.194215,2977.796743,11.384069
SYSTEM XNETNAME:,N0PE4_N0CP1_0_CK1_DAT_03_P,S,494.297918,2989.716734,11.386583
SYSTEM XNETNAME:,N0PE4_N0CP1_0_CK1_DAT_04_N,S,489.108252,3088.443670,11.185785
SYSTEM XNETNAME:,N0PE4_N0CP1_0_CK1_DAT_04_P,S,488.652359,3097.530020,11.173975
SYSTEM XNETNAME:,N0PE4_N0CP1_0_CK1_DAT_05_N,S,494.923292,3105.491464,11.239905
SYSTEM XNETNAME:,N0PE4_N0CP1_0_CK1_DAT_05_P,S,495.102233,3112.588791,11.251065
SYSTEM XNETNAME:,N0PE4_N0CP1_0_CK1_DAT_06_N,S,490.626606,2999.859254,11.298499
SYSTEM XNETNAME:,N0PE4_N0CP1_0_CK1_DAT_06_P,S,490.609031,3008.615923,11.300942
SYSTEM XNETNAME:,N0PE4_N0CP1_0_CK1_DAT_07_N,S,503.104124,3014.073849,11.652809
SYSTEM XNETNAME:,N0PE4_N0CP1_0_CK1_DAT_07_P,S,503.589500,3021.753875,11.672428
SYSTEM XNETNAME:,N0PE5_N0CP1_1_CK0_DAT_00_N,S,481.292415,3094.066493,10.728587
SYSTEM XNETNAME:,N0PE5_N0CP1_1_CK0_DAT_00_P,S,480.808198,3101.737622,10.712770
SYSTEM XNETNAME:,N0PE5_N0CP1_1_CK0_DAT_01_N,S,459.654970,2927.031255,10.180292
SYSTEM XNETNAME:,N0PE5_N0CP1_1_CK0_DAT_01_P,S,459.560759,2937.070144,10.177671
SYSTEM XNETNAME:,N0PE5_N0CP1_1_CK0_DAT_02_N,S,458.182423,2838.861634,10.192593
SYSTEM XNETNAME:,N0PE5_N0CP1_1_CK0_DAT_02_P,S,457.658903,2850.043570,10.173643
SYSTEM XNETNAME:,N0PE5_N0CP1_1_CK0_DAT_03_N,S,460.787356,2779.916989,10.274065
SYSTEM XNETNAME:,N0PE5_N0CP1_1_CK0_DAT_03_P,S,460.692613,2791.962314,10.267534
SYSTEM XNETNAME:,N0PE5_N0CP1_1_CK0_DAT_04_N,S,480.899773,3095.516791,10.342456
SYSTEM XNETNAME:,N0PE5_N0CP1_1_CK0_DAT_04_P,S,480.566428,3106.567375,10.329261
SYSTEM XNETNAME:,N0PE5_N0CP1_1_CK0_DAT_05_N,S,447.341146,2791.165294,9.865600
SYSTEM XNETNAME:,N0PE5_N0CP1_1_CK0_DAT_05_P,S,447.670563,2799.442121,9.879251
SYSTEM XNETNAME:,N0PE5_N0CP1_1_CK0_DAT_06_N,S,456.206409,2774.247063,10.115805
SYSTEM XNETNAME:,N0PE5_N0CP1_1_CK0_DAT_06_P,S,455.738115,2782.080813,10.101703
SYSTEM XNETNAME:,N0PE5_N0CP1_1_CK0_DAT_07_N,S,455.929572,2735.600662,10.046734
SYSTEM XNETNAME:,N0PE5_N0CP1_1_CK0_DAT_07_P,S,456.088204,2744.121201,10.050488
SYSTEM XNETNAME:,N0PE5_N0CP1_1_CK1_DAT_00_N,S,508.367858,3317.354206,11.296532
SYSTEM XNETNAME:,N0PE5_N0CP1_1_CK1_DAT_00_P,S,507.927020,3325.542449,11.279980
SYSTEM XNETNAME:,N0PE5_N0CP1_1_CK1_DAT_01_N,S,515.885066,3251.173544,11.591972
SYSTEM XNETNAME:,N0PE5_N0CP1_1_CK1_DAT_01_P,S,515.855926,3261.690744,11.592779
SYSTEM XNETNAME:,N0PE5_N0CP1_1_CK1_DAT_02_N,S,482.234677,3057.190927,10.781869
SYSTEM XNETNAME:,N0PE5_N0CP1_1_CK1_DAT_02_P,S,482.002460,3069.212201,10.769492
SYSTEM XNETNAME:,N0PE5_N0CP1_1_CK1_DAT_03_N,S,499.908361,3087.709998,11.227623
SYSTEM XNETNAME:,N0PE5_N0CP1_1_CK1_DAT_03_P,S,500.062595,3097.649377,11.239165
SYSTEM XNETNAME:,N0PE5_N0CP1_1_CK1_DAT_04_N,S,481.301916,3151.766068,10.646712
SYSTEM XNETNAME:,N0PE5_N0CP1_1_CK1_DAT_04_P,S,481.028367,3162.948106,10.634889
SYSTEM XNETNAME:,N0PE5_N0CP1_1_CK1_DAT_05_N,S,498.875289,3218.248905,11.002156
SYSTEM XNETNAME:,N0PE5_N0CP1_1_CK1_DAT_05_P,S,498.553430,3225.099179,10.993930
SYSTEM XNETNAME:,N0PE5_N0CP1_1_CK1_DAT_06_N,S,495.291045,3108.980788,11.102410
SYSTEM XNETNAME:,N0PE5_N0CP1_1_CK1_DAT_06_P,S,495.621679,3120.438629,11.109419
SYSTEM XNETNAME:,N0PE5_N0CP1_1_CK1_DAT_07_N,S,511.182720,3179.656558,11.395719
SYSTEM XNETNAME:,N0PE5_N0CP1_1_CK1_DAT_07_P,S,511.568199,3186.499968,11.414247
SYSTEM XNETNAME:,N0PE6_N0CP2_0_CK0_DAT_00_N,S,495.446382,3228.422854,10.827379
SYSTEM XNETNAME:,N0PE6_N0CP2_0_CK0_DAT_00_P,S,495.062247,3237.555347,10.810457
SYSTEM XNETNAME:,N0PE6_N0CP2_0_CK0_DAT_01_N,S,477.022602,3017.990144,10.562123
SYSTEM XNETNAME:,N0PE6_N0CP2_0_CK0_DAT_01_P,S,476.831346,3027.219957,10.558429
SYSTEM XNETNAME:,N0PE6_N0CP2_0_CK0_DAT_02_N,S,473.064155,2974.136016,10.317587
SYSTEM XNETNAME:,N0PE6_N0CP2_0_CK0_DAT_02_P,S,472.837293,2985.230730,10.310945
SYSTEM XNETNAME:,N0PE6_N0CP2_0_CK0_DAT_03_N,S,467.969799,2888.936776,10.180166
SYSTEM XNETNAME:,N0PE6_N0CP2_0_CK0_DAT_03_P,S,467.991361,2898.755714,10.186192
SYSTEM XNETNAME:,N0PE6_N0CP2_0_CK0_DAT_04_N,S,478.446347,3057.384300,10.377701
SYSTEM XNETNAME:,N0PE6_N0CP2_0_CK0_DAT_04_P,S,478.350954,3067.882628,10.376079
SYSTEM XNETNAME:,N0PE6_N0CP2_0_CK0_DAT_05_N,S,457.072086,2866.004252,9.995355
SYSTEM XNETNAME:,N0PE6_N0CP2_0_CK0_DAT_05_P,S,457.057611,2872.953241,9.999778
SYSTEM XNETNAME:,N0PE6_N0CP2_0_CK0_DAT_06_N,S,466.985444,2847.685237,10.292874
SYSTEM XNETNAME:,N0PE6_N0CP2_0_CK0_DAT_06_P,S,466.415874,2856.159208,10.272418
SYSTEM XNETNAME:,N0PE6_N0CP2_0_CK0_DAT_07_N,S,464.522319,2827.748553,10.069389
SYSTEM XNETNAME:,N0PE6_N0CP2_0_CK0_DAT_07_P,S,464.584537,2834.507587,10.075454
SYSTEM XNETNAME:,N0PE6_N0CP2_0_CK1_DAT_00_N,S,516.605574,3282.579717,11.752391
SYSTEM XNETNAME:,N0PE6_N0CP2_0_CK1_DAT_00_P,S,516.820505,3292.833739,11.755081
SYSTEM XNETNAME:,N0PE6_N0CP2_0_CK1_DAT_01_N,S,507.252851,3223.701060,11.339673
SYSTEM XNETNAME:,N0PE6_N0CP2_0_CK1_DAT_01_P,S,507.360457,3235.288472,11.342238
SYSTEM XNETNAME:,N0PE6_N0CP2_0_CK1_DAT_02_N,S,503.793889,3069.030823,11.612224
SYSTEM XNETNAME:,N0PE6_N0CP2_0_CK1_DAT_02_P,S,503.222787,3079.357854,11.592113
SYSTEM XNETNAME:,N0PE6_N0CP2_0_CK1_DAT_03_N,S,503.642548,3044.653142,11.530518
SYSTEM XNETNAME:,N0PE6_N0CP2_0_CK1_DAT_03_P,S,503.746221,3056.572926,11.533031
SYSTEM XNETNAME:,N0PE6_N0CP2_0_CK1_DAT_04_N,S,504.129724,3194.735606,11.418618
SYSTEM XNETNAME:,N0PE6_N0CP2_0_CK1_DAT_04_P,S,503.673914,3203.822542,11.406809
SYSTEM XNETNAME:,N0PE6_N0CP2_0_CK1_DAT_05_N,S,500.992403,3148.436493,11.333977
SYSTEM XNETNAME:,N0PE6_N0CP2_0_CK1_DAT_05_P,S,501.171344,3155.533819,11.345137
SYSTEM XNETNAME:,N0PE6_N0CP2_0_CK1_DAT_06_N,S,506.752770,3113.967990,11.548455
SYSTEM XNETNAME:,N0PE6_N0CP2_0_CK1_DAT_06_P,S,506.735278,3122.725245,11.550899
SYSTEM XNETNAME:,N0PE6_N0CP2_0_CK1_DAT_07_N,S,512.923194,3083.553589,11.805005
SYSTEM XNETNAME:,N0PE6_N0CP2_0_CK1_DAT_07_P,S,513.374912,3090.995448,11.824102
SYSTEM XNETNAME:,N0PE7_N0CP2_1_CK0_DAT_00_N,S,486.755777,3132.725238,10.813269
SYSTEM XNETNAME:,N0PE7_N0CP2_1_CK0_DAT_00_P,S,486.250608,3140.248112,10.797128
SYSTEM XNETNAME:,N0PE7_N0CP2_1_CK0_DAT_01_N,S,466.661018,2976.606047,10.288886
SYSTEM XNETNAME:,N0PE7_N0CP2_1_CK0_DAT_01_P,S,466.572961,2986.688486,10.286361
SYSTEM XNETNAME:,N0PE7_N0CP2_1_CK0_DAT_02_N,S,465.770012,2892.551409,10.310201
SYSTEM XNETNAME:,N0PE7_N0CP2_1_CK0_DAT_02_P,S,465.274645,2903.932564,10.291687
SYSTEM XNETNAME:,N0PE7_N0CP2_1_CK0_DAT_03_N,S,467.823946,2829.707903,10.383132
SYSTEM XNETNAME:,N0PE7_N0CP2_1_CK0_DAT_03_P,S,467.573081,2840.648505,10.374181
SYSTEM XNETNAME:,N0PE7_N0CP2_1_CK0_DAT_04_N,S,481.826163,3102.071921,10.356815
SYSTEM XNETNAME:,N0PE7_N0CP2_1_CK0_DAT_04_P,S,481.485836,3113.073103,10.343512
SYSTEM XNETNAME:,N0PE7_N0CP2_1_CK0_DAT_05_N,S,455.522580,2849.057118,9.992412
SYSTEM XNETNAME:,N0PE7_N0CP2_1_CK0_DAT_05_P,S,456.086042,2858.990056,10.009691
SYSTEM XNETNAME:,N0PE7_N0CP2_1_CK0_DAT_06_N,S,465.558653,2840.423545,10.260765
SYSTEM XNETNAME:,N0PE7_N0CP2_1_CK0_DAT_06_P,S,465.104783,2848.359352,10.246886
SYSTEM XNETNAME:,N0PE7_N0CP2_1_CK0_DAT_07_N,S,463.243992,2787.357498,10.160108
SYSTEM XNETNAME:,N0PE7_N0CP2_1_CK0_DAT_07_P,S,463.291926,2795.094740,10.162146
SYSTEM XNETNAME:,N0PE7_N0CP2_1_CK1_DAT_00_N,S,513.072692,3350.645607,11.369456
SYSTEM XNETNAME:,N0PE7_N0CP2_1_CK1_DAT_00_P,S,512.530198,3358.114542,11.351329
SYSTEM XNETNAME:,N0PE7_N0CP2_1_CK1_DAT_01_N,S,527.450860,3333.013100,11.771242
SYSTEM XNETNAME:,N0PE7_N0CP2_1_CK1_DAT_01_P,S,527.448456,3343.719485,11.772463
SYSTEM XNETNAME:,N0PE7_N0CP2_1_CK1_DAT_02_N,S,487.225145,3092.503482,10.859221
SYSTEM XNETNAME:,N0PE7_N0CP2_1_CK1_DAT_02_P,S,486.845786,3103.483576,10.844564
SYSTEM XNETNAME:,N0PE7_N0CP2_1_CK1_DAT_03_N,S,507.403942,3140.748727,11.343804
SYSTEM XNETNAME:,N0PE7_N0CP2_1_CK1_DAT_03_P,S,507.562379,3150.717849,11.355411
SYSTEM XNETNAME:,N0PE7_N0CP2_1_CK1_DAT_04_N,S,485.282305,3179.931297,10.708408
SYSTEM XNETNAME:,N0PE7_N0CP2_1_CK1_DAT_04_P,S,485.026673,3191.240119,10.696862
SYSTEM XNETNAME:,N0PE7_N0CP2_1_CK1_DAT_05_N,S,508.965240,3289.645401,11.158551
SYSTEM XNETNAME:,N0PE7_N0CP2_1_CK1_DAT_05_P,S,508.641759,3296.484193,11.150299
SYSTEM XNETNAME:,N0PE7_N0CP2_1_CK1_DAT_06_N,S,499.448052,3138.395767,11.166844
SYSTEM XNETNAME:,N0PE7_N0CP2_1_CK1_DAT_06_P,S,499.687920,3149.211352,11.172445
SYSTEM XNETNAME:,N0PE7_N0CP2_1_CK1_DAT_07_N,S,521.933418,3255.728500,11.562354
SYSTEM XNETNAME:,N0PE7_N0CP2_1_CK1_DAT_07_P,S,522.315952,3262.551067,11.580837
SYSTEM XNETNAME:,N1CP1_0_N1PE2_CK0_DAT_00_N,S,402.273499,2580.200774,9.201239
SYSTEM XNETNAME:,N1CP1_0_N1PE2_CK0_DAT_00_P,S,402.141077,2590.198590,9.199213
SYSTEM XNETNAME:,N1CP1_0_N1PE2_CK0_DAT_01_N,S,459.962147,2945.936655,9.983093
SYSTEM XNETNAME:,N1CP1_0_N1PE2_CK0_DAT_01_P,S,460.004634,2953.156043,9.989580
SYSTEM XNETNAME:,N1CP1_0_N1PE2_CK0_DAT_02_N,S,455.404843,2828.274678,9.961563
SYSTEM XNETNAME:,N1CP1_0_N1PE2_CK0_DAT_02_P,S,454.925504,2835.587174,9.948801
SYSTEM XNETNAME:,N1CP1_0_N1PE2_CK0_DAT_03_N,S,384.046853,2294.685879,8.726701
SYSTEM XNETNAME:,N1CP1_0_N1PE2_CK0_DAT_03_P,S,384.199868,2301.794663,8.734419
SYSTEM XNETNAME:,N1CP1_0_N1PE2_CK0_DAT_04_N,S,408.296298,2585.403507,9.217789
SYSTEM XNETNAME:,N1CP1_0_N1PE2_CK0_DAT_04_P,S,407.695375,2592.925162,9.196891
SYSTEM XNETNAME:,N1CP1_0_N1PE2_CK0_DAT_05_N,S,462.778231,2964.019588,9.871138
SYSTEM XNETNAME:,N1CP1_0_N1PE2_CK0_DAT_05_P,S,462.164338,2972.208896,9.854030
SYSTEM XNETNAME:,N1CP1_0_N1PE2_CK0_DAT_06_N,S,445.007658,2782.373787,9.600783
SYSTEM XNETNAME:,N1CP1_0_N1PE2_CK0_DAT_06_P,S,444.675614,2792.089239,9.591895
SYSTEM XNETNAME:,N1CP1_0_N1PE2_CK0_DAT_07_N,S,377.064632,2221.669070,8.615744
SYSTEM XNETNAME:,N1CP1_0_N1PE2_CK0_DAT_07_P,S,377.082496,2232.290133,8.618409
SYSTEM XNETNAME:,N1CP1_0_N1PE2_CK1_DAT_00_N,S,479.881491,3012.524099,10.923886
SYSTEM XNETNAME:,N1CP1_0_N1PE2_CK1_DAT_00_P,S,479.730495,3022.778874,10.920404
SYSTEM XNETNAME:,N1CP1_0_N1PE2_CK1_DAT_01_N,S,420.215641,2554.060528,9.912545
SYSTEM XNETNAME:,N1CP1_0_N1PE2_CK1_DAT_01_P,S,420.187728,2560.805125,9.916726
SYSTEM XNETNAME:,N1CP1_0_N1PE2_CK1_DAT_02_N,S,429.136206,2531.172673,10.214362
SYSTEM XNETNAME:,N1CP1_0_N1PE2_CK1_DAT_02_P,S,428.833621,2540.155783,10.203338
SYSTEM XNETNAME:,N1CP1_0_N1PE2_CK1_DAT_03_N,S,481.613522,2890.371104,10.905101
SYSTEM XNETNAME:,N1CP1_0_N1PE2_CK1_DAT_03_P,S,482.034822,2897.835847,10.921853
SYSTEM XNETNAME:,N1CP1_0_N1PE2_CK1_DAT_04_N,S,419.079718,2606.751366,9.939010
SYSTEM XNETNAME:,N1CP1_0_N1PE2_CK1_DAT_04_P,S,418.739020,2613.924735,9.929260
SYSTEM XNETNAME:,N1CP1_0_N1PE2_CK1_DAT_05_N,S,498.209435,3098.596797,11.269741
SYSTEM XNETNAME:,N1CP1_0_N1PE2_CK1_DAT_05_P,S,497.848652,3107.988879,11.259395
SYSTEM XNETNAME:,N1CP1_0_N1PE2_CK1_DAT_06_N,S,454.987783,2731.149983,10.680330
SYSTEM XNETNAME:,N1CP1_0_N1PE2_CK1_DAT_06_P,S,454.907076,2740.765912,10.682176
SYSTEM XNETNAME:,N1CP1_0_N1PE2_CK1_DAT_07_N,S,490.711451,2952.689762,11.215710
SYSTEM XNETNAME:,N1CP1_0_N1PE2_CK1_DAT_07_P,S,490.370881,2962.556688,11.206920
SYSTEM XNETNAME:,N1CP1_1_N1PE3_CK0_DAT_00_N,S,420.330396,2636.687586,9.732489
SYSTEM XNETNAME:,N1CP1_1_N1PE3_CK0_DAT_00_P,S,420.130778,2646.567486,9.728161
SYSTEM XNETNAME:,N1CP1_1_N1PE3_CK0_DAT_01_N,S,494.199698,3101.187711,10.820605
SYSTEM XNETNAME:,N1CP1_1_N1PE3_CK0_DAT_01_P,S,494.390608,3108.537778,10.832635
SYSTEM XNETNAME:,N1CP1_1_N1PE3_CK0_DAT_02_N,S,488.162866,2962.827592,10.812215
SYSTEM XNETNAME:,N1CP1_1_N1PE3_CK0_DAT_02_P,S,488.084991,2971.948020,10.809318
SYSTEM XNETNAME:,N1CP1_1_N1PE3_CK0_DAT_03_N,S,401.973774,2285.575979,9.483985
SYSTEM XNETNAME:,N1CP1_1_N1PE3_CK0_DAT_03_P,S,402.268814,2292.520636,9.498027
SYSTEM XNETNAME:,N1CP1_1_N1PE3_CK0_DAT_04_N,S,404.881637,2549.728812,9.205470
SYSTEM XNETNAME:,N1CP1_1_N1PE3_CK0_DAT_04_P,S,404.583878,2559.436200,9.189128
SYSTEM XNETNAME:,N1CP1_1_N1PE3_CK0_DAT_05_N,S,419.518764,2583.446674,9.463210
SYSTEM XNETNAME:,N1CP1_1_N1PE3_CK0_DAT_05_P,S,419.421471,2593.276786,9.461214
SYSTEM XNETNAME:,N1CP1_1_N1PE3_CK0_DAT_06_N,S,471.349551,2846.303561,10.440928
SYSTEM XNETNAME:,N1CP1_1_N1PE3_CK0_DAT_06_P,S,471.227682,2856.689914,10.438176
SYSTEM XNETNAME:,N1CP1_1_N1PE3_CK0_DAT_07_N,S,386.888769,2201.439489,9.084482
SYSTEM XNETNAME:,N1CP1_1_N1PE3_CK0_DAT_07_P,S,386.936188,2212.059815,9.088345
SYSTEM XNETNAME:,N1CP1_1_N1PE3_CK1_DAT_00_N,S,483.443580,3013.520591,11.064468
SYSTEM XNETNAME:,N1CP1_1_N1PE3_CK1_DAT_00_P,S,483.679618,3025.003561,11.072311
SYSTEM XNETNAME:,N1CP1_1_N1PE3_CK1_DAT_01_N,S,446.688569,2740.740882,10.325137
SYSTEM XNETNAME:,N1CP1_1_N1PE3_CK1_DAT_01_P,S,447.085143,2748.725524,10.342116
SYSTEM XNETNAME:,N1CP1_1_N1PE3_CK1_DAT_02_N,S,436.247811,2633.408830,10.141533
SYSTEM XNETNAME:,N1CP1_1_N1PE3_CK1_DAT_02_P,S,436.042580,2643.317751,10.131183
SYSTEM XNETNAME:,N1CP1_1_N1PE3_CK1_DAT_03_N,S,512.355132,3110.756964,11.366617
SYSTEM XNETNAME:,N1CP1_1_N1PE3_CK1_DAT_03_P,S,512.829760,3119.826229,11.379867
SYSTEM XNETNAME:,N1CP1_1_N1PE3_CK1_DAT_04_N,S,433.516888,2718.858640,10.127706
SYSTEM XNETNAME:,N1CP1_1_N1PE3_CK1_DAT_04_P,S,432.845341,2725.465296,10.106571
SYSTEM XNETNAME:,N1CP1_1_N1PE3_CK1_DAT_05_N,S,500.911130,3147.802878,11.205528
SYSTEM XNETNAME:,N1CP1_1_N1PE3_CK1_DAT_05_P,S,500.297492,3156.627788,11.186953
SYSTEM XNETNAME:,N1CP1_1_N1PE3_CK1_DAT_06_N,S,434.777773,2641.556266,10.178732
SYSTEM XNETNAME:,N1CP1_1_N1PE3_CK1_DAT_06_P,S,433.970168,2650.442472,10.153747
SYSTEM XNETNAME:,N1CP1_1_N1PE3_CK1_DAT_07_N,S,513.487734,3151.963127,11.434367
SYSTEM XNETNAME:,N1CP1_1_N1PE3_CK1_DAT_07_P,S,513.436451,3163.007162,11.433129
SYSTEM XNETNAME:,N1CP2_0_N1PE4_CK0_DAT_00_N,S,422.277079,2721.746105,9.511294
SYSTEM XNETNAME:,N1CP2_0_N1PE4_CK0_DAT_00_P,S,422.124348,2731.600215,9.508953
SYSTEM XNETNAME:,N1CP2_0_N1PE4_CK0_DAT_01_N,S,416.026573,2635.048533,9.302092
SYSTEM XNETNAME:,N1CP2_0_N1PE4_CK0_DAT_01_P,S,416.144225,2642.799792,9.309744
SYSTEM XNETNAME:,N1CP2_0_N1PE4_CK0_DAT_02_N,S,412.364749,2523.722977,9.294441
SYSTEM XNETNAME:,N1CP2_0_N1PE4_CK0_DAT_02_P,S,411.885461,2531.035828,9.281680
SYSTEM XNETNAME:,N1CP2_0_N1PE4_CK0_DAT_03_N,S,403.851777,2434.825524,9.033677
SYSTEM XNETNAME:,N1CP2_0_N1PE4_CK0_DAT_03_P,S,404.254093,2443.698358,9.045260
SYSTEM XNETNAME:,N1CP2_0_N1PE4_CK0_DAT_04_N,S,430.710649,2744.007453,9.565211
SYSTEM XNETNAME:,N1CP2_0_N1PE4_CK0_DAT_04_P,S,430.100116,2751.461110,9.544164
SYSTEM XNETNAME:,N1CP2_0_N1PE4_CK0_DAT_05_N,S,422.934796,2682.087437,9.253564
SYSTEM XNETNAME:,N1CP2_0_N1PE4_CK0_DAT_05_P,S,422.305214,2690.165737,9.236214
SYSTEM XNETNAME:,N1CP2_0_N1PE4_CK0_DAT_06_N,S,400.794156,2469.519050,8.915474
SYSTEM XNETNAME:,N1CP2_0_N1PE4_CK0_DAT_06_P,S,400.460496,2479.223062,8.906561
SYSTEM XNETNAME:,N1CP2_0_N1PE4_CK0_DAT_07_N,S,397.089806,2363.367205,8.926134
SYSTEM XNETNAME:,N1CP2_0_N1PE4_CK0_DAT_07_P,S,397.107588,2373.987683,8.928798
SYSTEM XNETNAME:,N1CP2_0_N1PE4_CK1_DAT_00_N,S,444.556931,2762.567515,10.376355
SYSTEM XNETNAME:,N1CP2_0_N1PE4_CK1_DAT_00_P,S,444.421848,2772.934885,10.373120
SYSTEM XNETNAME:,N1CP2_0_N1PE4_CK1_DAT_01_N,S,439.815376,2692.748254,10.216341
SYSTEM XNETNAME:,N1CP2_0_N1PE4_CK1_DAT_01_P,S,440.036316,2701.253735,10.224379
SYSTEM XNETNAME:,N1CP2_0_N1PE4_CK1_DAT_02_N,S,448.405881,2667.524894,10.513042
SYSTEM XNETNAME:,N1CP2_0_N1PE4_CK1_DAT_02_P,S,448.103346,2676.508360,10.502019
SYSTEM XNETNAME:,N1CP2_0_N1PE4_CK1_DAT_03_N,S,444.663581,2628.913324,10.332377
SYSTEM XNETNAME:,N1CP2_0_N1PE4_CK1_DAT_03_P,S,445.084852,2636.377859,10.349129
SYSTEM XNETNAME:,N1CP2_0_N1PE4_CK1_DAT_04_N,S,437.624791,2737.976300,10.226458
SYSTEM XNETNAME:,N1CP2_0_N1PE4_CK1_DAT_04_P,S,437.263816,2745.006193,10.216394
SYSTEM XNETNAME:,N1CP2_0_N1PE4_CK1_DAT_05_N,S,463.393448,2852.238876,10.730094
SYSTEM XNETNAME:,N1CP2_0_N1PE4_CK1_DAT_05_P,S,463.032602,2861.630510,10.719746
SYSTEM XNETNAME:,N1CP2_0_N1PE4_CK1_DAT_06_N,S,474.281455,2867.672007,10.979382
SYSTEM XNETNAME:,N1CP2_0_N1PE4_CK1_DAT_06_P,S,474.200546,2877.286511,10.981225
SYSTEM XNETNAME:,N1CP2_0_N1PE4_CK1_DAT_07_N,S,455.926300,2706.550034,10.676540
SYSTEM XNETNAME:,N1CP2_0_N1PE4_CK1_DAT_07_P,S,455.601218,2716.526551,10.667990
SYSTEM XNETNAME:,N1CP2_1_N1PE5_CK0_DAT_00_N,S,445.061460,2811.684594,10.115821
SYSTEM XNETNAME:,N1CP2_1_N1PE5_CK0_DAT_00_P,S,444.861809,2821.564264,10.111492
SYSTEM XNETNAME:,N1CP2_1_N1PE5_CK0_DAT_01_N,S,435.787654,2687.864083,9.915218
SYSTEM XNETNAME:,N1CP2_1_N1PE5_CK0_DAT_01_P,S,435.891997,2694.601605,9.925906
SYSTEM XNETNAME:,N1CP2_1_N1PE5_CK0_DAT_02_N,S,430.712377,2556.307929,9.921733
SYSTEM XNETNAME:,N1CP2_1_N1PE5_CK0_DAT_02_P,S,430.385941,2563.669541,9.914983
SYSTEM XNETNAME:,N1CP2_1_N1PE5_CK0_DAT_03_N,S,422.523609,2430.986613,9.802508
SYSTEM XNETNAME:,N1CP2_1_N1PE5_CK0_DAT_03_P,S,422.821067,2437.948378,9.816587
SYSTEM XNETNAME:,N1CP2_1_N1PE5_CK0_DAT_04_N,S,429.279645,2722.369112,9.583640
SYSTEM XNETNAME:,N1CP2_1_N1PE5_CK0_DAT_04_P,S,429.003867,2732.232039,9.567638
SYSTEM XNETNAME:,N1CP2_1_N1PE5_CK0_DAT_05_N,S,431.711388,2669.721679,9.652196
SYSTEM XNETNAME:,N1CP2_1_N1PE5_CK0_DAT_05_P,S,431.555868,2679.139777,9.649297
SYSTEM XNETNAME:,N1CP2_1_N1PE5_CK0_DAT_06_N,S,416.787818,2460.224737,9.595221
SYSTEM XNETNAME:,N1CP2_1_N1PE5_CK0_DAT_06_P,S,416.665869,2470.610521,9.592468
SYSTEM XNETNAME:,N1CP2_1_N1PE5_CK0_DAT_07_N,S,408.327627,2353.140848,9.416784
SYSTEM XNETNAME:,N1CP2_1_N1PE5_CK0_DAT_07_P,S,408.375129,2363.761760,9.420648
SYSTEM XNETNAME:,N1CP2_1_N1PE5_CK1_DAT_00_N,S,497.348960,3111.915064,11.280001
SYSTEM XNETNAME:,N1CP2_1_N1PE5_CK1_DAT_00_P,S,497.302354,3121.398039,11.283464
SYSTEM XNETNAME:,N1CP2_1_N1PE5_CK1_DAT_01_N,S,467.875568,2890.660084,10.653535
SYSTEM XNETNAME:,N1CP2_1_N1PE5_CK1_DAT_01_P,S,468.251906,2898.501538,10.670201
SYSTEM XNETNAME:,N1CP2_1_N1PE5_CK1_DAT_02_N,S,457.673012,2785.013552,10.473623
SYSTEM XNETNAME:,N1CP2_1_N1PE5_CK1_DAT_02_P,S,457.483521,2795.033850,10.463517
SYSTEM XNETNAME:,N1CP2_1_N1PE5_CK1_DAT_03_N,S,460.260941,2742.138471,10.559157
SYSTEM XNETNAME:,N1CP2_1_N1PE5_CK1_DAT_03_P,S,460.729848,2751.167254,10.572318
SYSTEM XNETNAME:,N1CP2_1_N1PE5_CK1_DAT_04_N,S,454.106978,2864.554113,10.446852
SYSTEM XNETNAME:,N1CP2_1_N1PE5_CK1_DAT_04_P,S,453.438514,2871.182585,10.425765
SYSTEM XNETNAME:,N1CP2_1_N1PE5_CK1_DAT_05_N,S,453.503581,2812.347061,10.470711
SYSTEM XNETNAME:,N1CP2_1_N1PE5_CK1_DAT_05_P,S,452.981451,2821.819486,10.453555
SYSTEM XNETNAME:,N1CP2_1_N1PE5_CK1_DAT_06_N,S,456.288680,2793.767440,10.512151
SYSTEM XNETNAME:,N1CP2_1_N1PE5_CK1_DAT_06_P,S,455.480909,2802.652473,10.487164
SYSTEM XNETNAME:,N1CP2_1_N1PE5_CK1_DAT_07_N,S,463.200487,2796.130567,10.654914
SYSTEM XNETNAME:,N1CP2_1_N1PE5_CK1_DAT_07_P,S,463.159228,2807.245532,10.653832
SYSTEM XNETNAME:,N1PE2_N1CP1_0_CK0_DAT_00_N,S,477.998270,3104.960016,10.556933
SYSTEM XNETNAME:,N1PE2_N1CP1_0_CK0_DAT_00_P,S,477.614621,3114.095942,10.540019
SYSTEM XNETNAME:,N1PE2_N1CP1_0_CK0_DAT_01_N,S,406.246156,2517.176008,9.465088
SYSTEM XNETNAME:,N1PE2_N1CP1_0_CK0_DAT_01_P,S,405.912983,2525.401622,9.459195
SYSTEM XNETNAME:,N1PE2_N1CP1_0_CK0_DAT_02_N,S,401.611898,2468.539850,9.210077
SYSTEM XNETNAME:,N1PE2_N1CP1_0_CK0_DAT_02_P,S,401.315932,2479.145578,9.202364
SYSTEM XNETNAME:,N1PE2_N1CP1_0_CK0_DAT_03_N,S,449.736334,2759.916776,9.897548
SYSTEM XNETNAME:,N1PE2_N1CP1_0_CK0_DAT_03_P,S,449.786305,2769.936737,9.904013
SYSTEM XNETNAME:,N1PE2_N1CP1_0_CK0_DAT_04_N,S,413.509779,2597.893141,9.371185
SYSTEM XNETNAME:,N1PE2_N1CP1_0_CK0_DAT_04_P,S,413.489794,2608.925060,9.370731
SYSTEM XNETNAME:,N1PE2_N1CP1_0_CK0_DAT_05_N,S,393.460779,2415.890645,9.009380
SYSTEM XNETNAME:,N1PE2_N1CP1_0_CK0_DAT_05_P,S,393.537295,2423.483481,9.015214
SYSTEM XNETNAME:,N1PE2_N1CP1_0_CK0_DAT_06_N,S,448.825942,2719.188605,10.011402
SYSTEM XNETNAME:,N1PE2_N1CP1_0_CK0_DAT_06_P,S,448.250281,2727.619468,9.990851
SYSTEM XNETNAME:,N1PE2_N1CP1_0_CK0_DAT_07_N,S,445.906195,2696.020863,9.780839
SYSTEM XNETNAME:,N1PE2_N1CP1_0_CK0_DAT_07_P,S,446.013074,2703.095916,9.787596
SYSTEM XNETNAME:,N1PE2_N1CP1_0_CK1_DAT_00_N,S,452.533383,2829.204896,10.759272
SYSTEM XNETNAME:,N1PE2_N1CP1_0_CK1_DAT_00_P,S,452.700959,2839.123831,10.761228
SYSTEM XNETNAME:,N1PE2_N1CP1_0_CK1_DAT_01_N,S,490.901870,3108.001515,11.086233
SYSTEM XNETNAME:,N1PE2_N1CP1_0_CK1_DAT_01_P,S,491.009476,3119.588928,11.088798
SYSTEM XNETNAME:,N1PE2_N1CP1_0_CK1_DAT_02_N,S,439.505482,2614.126056,10.615753
SYSTEM XNETNAME:,N1PE2_N1CP1_0_CK1_DAT_02_P,S,438.963229,2624.657224,10.596090
SYSTEM XNETNAME:,N1PE2_N1CP1_0_CK1_DAT_03_N,S,483.056335,2898.985101,11.211432
SYSTEM XNETNAME:,N1PE2_N1CP1_0_CK1_DAT_03_P,S,483.160594,2910.909030,11.213954
SYSTEM XNETNAME:,N1PE2_N1CP1_0_CK1_DAT_04_N,S,441.843618,2753.999122,10.453183
SYSTEM XNETNAME:,N1PE2_N1CP1_0_CK1_DAT_04_P,S,441.572753,2764.394725,10.444241
SYSTEM XNETNAME:,N1PE2_N1CP1_0_CK1_DAT_05_N,S,484.060314,3028.625031,11.071529
SYSTEM XNETNAME:,N1PE2_N1CP1_0_CK1_DAT_05_P,S,484.239255,3035.722358,11.082689
SYSTEM XNETNAME:,N1PE2_N1CP1_0_CK1_DAT_06_N,S,440.764901,2647.037829,10.525643
SYSTEM XNETNAME:,N1PE2_N1CP1_0_CK1_DAT_06_P,S,440.720808,2655.606853,10.527674
SYSTEM XNETNAME:,N1PE2_N1CP1_0_CK1_DAT_07_N,S,494.801896,2955.327284,11.524125
SYSTEM XNETNAME:,N1PE2_N1CP1_0_CK1_DAT_07_P,S,495.261300,2962.823532,11.543341
SYSTEM XNETNAME:,N1PE3_N1CP1_1_CK0_DAT_00_N,S,480.831131,3090.802448,10.721437
SYSTEM XNETNAME:,N1PE3_N1CP1_1_CK0_DAT_00_P,S,480.337105,3098.404166,10.705468
SYSTEM XNETNAME:,N1PE3_N1CP1_1_CK0_DAT_01_N,S,397.977446,2490.601091,9.224290
SYSTEM XNETNAME:,N1PE3_N1CP1_1_CK0_DAT_01_P,S,397.924180,2500.929712,9.222304
SYSTEM XNETNAME:,N1PE3_N1CP1_1_CK0_DAT_02_N,S,397.198982,2407.342801,9.247350
SYSTEM XNETNAME:,N1PE3_N1CP1_1_CK0_DAT_02_P,S,396.688029,2418.613671,9.228595
SYSTEM XNETNAME:,N1PE3_N1CP1_1_CK0_DAT_03_N,S,460.015280,2774.453778,10.262097
SYSTEM XNETNAME:,N1PE3_N1CP1_1_CK0_DAT_03_P,S,459.764415,2785.394380,10.253147
SYSTEM XNETNAME:,N1PE3_N1CP1_1_CK0_DAT_04_N,S,421.058793,2672.082013,9.414921
SYSTEM XNETNAME:,N1PE3_N1CP1_1_CK0_DAT_04_P,S,420.724762,2683.127746,9.401716
SYSTEM XNETNAME:,N1PE3_N1CP1_1_CK0_DAT_05_N,S,386.090944,2357.758861,8.916221
SYSTEM XNETNAME:,N1PE3_N1CP1_1_CK0_DAT_05_P,S,386.654273,2367.690857,8.933499
SYSTEM XNETNAME:,N1PE3_N1CP1_1_CK0_DAT_06_N,S,453.249861,2753.326535,10.069978
SYSTEM XNETNAME:,N1PE3_N1CP1_1_CK0_DAT_06_P,S,452.829634,2761.500401,10.056622
SYSTEM XNETNAME:,N1PE3_N1CP1_1_CK0_DAT_07_N,S,454.075094,2722.478379,10.017990
SYSTEM XNETNAME:,N1PE3_N1CP1_1_CK0_DAT_07_P,S,454.107288,2730.104244,10.019784
SYSTEM XNETNAME:,N1PE3_N1CP1_1_CK1_DAT_00_N,S,448.769858,2895.638756,10.372763
SYSTEM XNETNAME:,N1PE3_N1CP1_1_CK1_DAT_00_P,S,448.344061,2903.933436,10.356444
SYSTEM XNETNAME:,N1PE3_N1CP1_1_CK1_DAT_01_N,S,514.833965,3243.735953,11.575680
SYSTEM XNETNAME:,N1PE3_N1CP1_1_CK1_DAT_01_P,S,514.817302,3254.341442,11.576680
SYSTEM XNETNAME:,N1PE3_N1CP1_1_CK1_DAT_02_N,S,422.337268,2633.356860,9.853459
SYSTEM XNETNAME:,N1PE3_N1CP1_1_CK1_DAT_02_P,S,421.874001,2643.743223,9.837501
SYSTEM XNETNAME:,N1PE3_N1CP1_1_CK1_DAT_03_N,S,499.233026,3082.931328,11.217155
SYSTEM XNETNAME:,N1PE3_N1CP1_1_CK1_DAT_03_P,S,499.390578,3092.894190,11.228748
SYSTEM XNETNAME:,N1PE3_N1CP1_1_CK1_DAT_04_N,S,421.538949,2728.883314,9.720386
SYSTEM XNETNAME:,N1PE3_N1CP1_1_CK1_DAT_04_P,S,421.266086,2740.070207,9.708573
SYSTEM XNETNAME:,N1PE3_N1CP1_1_CK1_DAT_05_N,S,501.506499,3236.867353,11.042940
SYSTEM XNETNAME:,N1PE3_N1CP1_1_CK1_DAT_05_P,S,501.184674,3243.717857,11.034714
SYSTEM XNETNAME:,N1PE3_N1CP1_1_CK1_DAT_06_N,S,434.339870,2677.690270,10.157667
SYSTEM XNETNAME:,N1PE3_N1CP1_1_CK1_DAT_06_P,S,434.583052,2688.529303,10.163320
SYSTEM XNETNAME:,N1PE3_N1CP1_1_CK1_DAT_07_N,S,513.423155,3195.509876,11.430445
SYSTEM XNETNAME:,N1PE3_N1CP1_1_CK1_DAT_07_P,S,513.808642,3202.353344,11.448974
SYSTEM XNETNAME:,N1PE4_N1CP2_0_CK0_DAT_00_N,S,453.619146,2932.453333,10.179057
SYSTEM XNETNAME:,N1PE4_N1CP2_0_CK0_DAT_00_P,S,453.235568,2941.589764,10.162144
SYSTEM XNETNAME:,N1PE4_N1CP2_0_CK0_DAT_01_N,S,424.035027,2643.050059,9.740815
SYSTEM XNETNAME:,N1PE4_N1CP2_0_CK0_DAT_01_P,S,423.708064,2651.319613,9.735018
SYSTEM XNETNAME:,N1PE4_N1CP2_0_CK0_DAT_02_N,S,419.188768,2592.913780,9.482519
SYSTEM XNETNAME:,N1PE4_N1CP2_0_CK0_DAT_02_P,S,418.892105,2603.514580,9.474794
SYSTEM XNETNAME:,N1PE4_N1CP2_0_CK0_DAT_03_N,S,418.949686,2542.070456,9.420355
SYSTEM XNETNAME:,N1PE4_N1CP2_0_CK0_DAT_03_P,S,418.930351,2551.600007,9.425746
SYSTEM XNETNAME:,N1PE4_N1CP2_0_CK0_DAT_04_N,S,426.386585,2689.009420,9.570775
SYSTEM XNETNAME:,N1PE4_N1CP2_0_CK0_DAT_04_P,S,426.165401,2698.617653,9.567203
SYSTEM XNETNAME:,N1PE4_N1CP2_0_CK0_DAT_05_N,S,404.427532,2493.491389,9.179365
SYSTEM XNETNAME:,N1PE4_N1CP2_0_CK0_DAT_05_P,S,404.501148,2501.063708,9.185153
SYSTEM XNETNAME:,N1PE4_N1CP2_0_CK0_DAT_06_N,S,418.913078,2507.525173,9.547753
SYSTEM XNETNAME:,N1PE4_N1CP2_0_CK0_DAT_06_P,S,418.337416,2515.956036,9.527202
SYSTEM XNETNAME:,N1PE4_N1CP2_0_CK0_DAT_07_N,S,417.841372,2497.434175,9.345834
SYSTEM XNETNAME:,N1PE4_N1CP2_0_CK0_DAT_07_P,S,418.014309,2504.976658,9.353615
SYSTEM XNETNAME:,N1PE4_N1CP2_0_CK1_DAT_00_N,S,463.323078,2905.552773,10.926512
SYSTEM XNETNAME:,N1PE4_N1CP2_0_CK1_DAT_00_P,S,463.537943,2915.806330,10.929202
SYSTEM XNETNAME:,N1PE4_N1CP2_0_CK1_DAT_01_N,S,468.156235,2947.053403,10.733675
SYSTEM XNETNAME:,N1PE4_N1CP2_0_CK1_DAT_01_P,S,468.295321,2958.863569,10.736728
SYSTEM XNETNAME:,N1PE4_N1CP2_0_CK1_DAT_02_N,S,451.020503,2695.606341,10.794236
SYSTEM XNETNAME:,N1PE4_N1CP2_0_CK1_DAT_02_P,S,450.497615,2706.274538,10.774873
SYSTEM XNETNAME:,N1PE4_N1CP2_0_CK1_DAT_03_N,S,455.884742,2706.718909,10.790272
SYSTEM XNETNAME:,N1PE4_N1CP2_0_CK1_DAT_03_P,S,456.011185,2718.799810,10.793138
SYSTEM XNETNAME:,N1PE4_N1CP2_0_CK1_DAT_04_N,S,452.394546,2828.657487,10.616723
SYSTEM XNETNAME:,N1PE4_N1CP2_0_CK1_DAT_04_P,S,451.944453,2837.784871,10.605002
SYSTEM XNETNAME:,N1PE4_N1CP2_0_CK1_DAT_05_N,S,460.510253,2861.984798,10.706503
SYSTEM XNETNAME:,N1PE4_N1CP2_0_CK1_DAT_05_P,S,460.974863,2871.103522,10.722091
SYSTEM XNETNAME:,N1PE4_N1CP2_0_CK1_DAT_06_N,S,454.048817,2741.034823,10.731543
SYSTEM XNETNAME:,N1PE4_N1CP2_0_CK1_DAT_06_P,S,454.015582,2749.680678,10.733743
SYSTEM XNETNAME:,N1PE4_N1CP2_0_CK1_DAT_07_N,S,470.674550,2784.602180,11.150151
SYSTEM XNETNAME:,N1PE4_N1CP2_0_CK1_DAT_07_P,S,471.159670,2792.280399,11.169766
SYSTEM XNETNAME:,N1PE5_N1CP2_1_CK0_DAT_00_N,S,438.208619,2789.205551,10.060788
SYSTEM XNETNAME:,N1PE5_N1CP2_1_CK0_DAT_00_P,S,437.742921,2797.007723,10.045258
SYSTEM XNETNAME:,N1PE5_N1CP2_1_CK0_DAT_01_N,S,420.479156,2649.823191,9.573067
SYSTEM XNETNAME:,N1PE5_N1CP2_1_CK0_DAT_01_P,S,420.391187,2659.906252,9.570543
SYSTEM XNETNAME:,N1PE5_N1CP2_1_CK0_DAT_02_N,S,419.998129,2568.669565,9.600737
SYSTEM XNETNAME:,N1PE5_N1CP2_1_CK0_DAT_02_P,S,419.558391,2580.444351,9.583085
SYSTEM XNETNAME:,N1PE5_N1CP2_1_CK0_DAT_03_N,S,418.819767,2482.954331,9.623567
SYSTEM XNETNAME:,N1PE5_N1CP2_1_CK0_DAT_03_P,S,418.568943,2493.895225,9.614617
SYSTEM XNETNAME:,N1PE5_N1CP2_1_CK0_DAT_04_N,S,434.968415,2770.506500,9.630520
SYSTEM XNETNAME:,N1PE5_N1CP2_1_CK0_DAT_04_P,S,434.656420,2781.708161,9.617656
SYSTEM XNETNAME:,N1PE5_N1CP2_1_CK0_DAT_05_N,S,406.507373,2502.225513,9.232676
SYSTEM XNETNAME:,N1PE5_N1CP2_1_CK0_DAT_05_P,S,407.057663,2512.065246,9.249751
SYSTEM XNETNAME:,N1PE5_N1CP2_1_CK0_DAT_06_N,S,412.664010,2466.141047,9.440898
SYSTEM XNETNAME:,N1PE5_N1CP2_1_CK0_DAT_06_P,S,412.185036,2473.899220,9.426630
SYSTEM XNETNAME:,N1PE5_N1CP2_1_CK0_DAT_07_N,S,412.812648,2430.505308,9.378422
SYSTEM XNETNAME:,N1PE5_N1CP2_1_CK0_DAT_07_P,S,412.860416,2438.241377,9.380458
SYSTEM XNETNAME:,N1PE5_N1CP2_1_CK1_DAT_00_N,S,461.432131,2985.236999,10.569028
SYSTEM XNETNAME:,N1PE5_N1CP2_1_CK1_DAT_00_P,S,460.935655,2993.031551,10.551613
SYSTEM XNETNAME:,N1PE5_N1CP2_1_CK1_DAT_01_N,S,470.707559,2931.497506,10.891720
SYSTEM XNETNAME:,N1PE5_N1CP2_1_CK1_DAT_01_P,S,470.690855,2942.102697,10.892720
SYSTEM XNETNAME:,N1PE5_N1CP2_1_CK1_DAT_02_N,S,436.525565,2733.753251,10.073378
SYSTEM XNETNAME:,N1PE5_N1CP2_1_CK1_DAT_02_P,S,436.114806,2744.511162,10.058234
SYSTEM XNETNAME:,N1PE5_N1CP2_1_CK1_DAT_03_N,S,452.780119,2754.230559,10.497135
SYSTEM XNETNAME:,N1PE5_N1CP2_1_CK1_DAT_03_P,S,453.044047,2764.946131,10.510377
SYSTEM XNETNAME:,N1PE5_N1CP2_1_CK1_DAT_04_N,S,433.595483,2814.195344,9.907262
SYSTEM XNETNAME:,N1PE5_N1CP2_1_CK1_DAT_04_P,S,433.338276,2825.493028,9.895692
SYSTEM XNETNAME:,N1PE5_N1CP2_1_CK1_DAT_05_N,S,455.064270,2908.242141,10.323086
SYSTEM XNETNAME:,N1PE5_N1CP2_1_CK1_DAT_05_P,S,454.975150,2916.739267,10.318466
SYSTEM XNETNAME:,N1PE5_N1CP2_1_CK1_DAT_06_N,S,448.505761,2777.928113,10.377239
SYSTEM XNETNAME:,N1PE5_N1CP2_1_CK1_DAT_06_P,S,448.761534,2788.856247,10.383086
SYSTEM XNETNAME:,N1PE5_N1CP2_1_CK1_DAT_07_N,S,466.308228,2862.124658,10.700164
SYSTEM XNETNAME:,N1PE5_N1CP2_1_CK1_DAT_07_P,S,466.726949,2869.203279,10.719208
